{"Mean":{"confidence_interval":{"confidence_level":0.95,"lower_bound":1076200.935907738,"upper_bound":1087049.1128213045},"point_estimate":1081471.044012897,"standard_error":2782.3251006723476},"Median":{"confidence_interval":{"confidence_level":0.95,"lower_bound":1074420.636904762,"upper_bound":1087407.3753472222},"point_estimate":1080036.640625,"standard_error":2812.293585624524},"MedianAbsDev":{"confidence_interval":{"confidence_level":0.95,"lower_bound":414.33109514401457,"upper_bound":16234.122227411717},"point_estimate":6890.4459248577,"standard_error":5006.213649926956},"Slope":{"confidence_interval":{"confidence_level":0.95,"lower_bound":1078485.7145494216,"upper_bound":1092125.3652915193},"point_estimate":1085552.187094156,"standard_error":3527.3901010790114},"StdDev":{"confidence_interval":{"confidence_level":0.95,"lower_bound":4632.266612328402,"upper_bound":11767.174845758034},"point_estimate":9265.689120548986,"standard_error":1824.9747787769286}}