{"Mean":{"confidence_interval":{"confidence_level":0.95,"lower_bound":846571.2475308871,"upper_bound":851878.0339367378},"point_estimate":849329.9811270809,"standard_error":1362.291829317859},"Median":{"confidence_interval":{"confidence_level":0.95,"lower_bound":846438.6585365853,"upper_bound":852979.150406504},"point_estimate":849649.8639179249,"standard_error":1561.4078462256084},"MedianAbsDev":{"confidence_interval":{"confidence_level":0.95,"lower_bound":731.1126366137626,"upper_bound":7621.070118357449},"point_estimate":4754.939791436626,"standard_error":1822.3716010595683},"Slope":{"confidence_interval":{"confidence_level":0.95,"lower_bound":844388.9517478101,"upper_bound":853214.6174979107},"point_estimate":848729.7267975926,"standard_error":2349.632854767791},"StdDev":{"confidence_interval":{"confidence_level":0.95,"lower_bound":2350.8841827830174,"upper_bound":5781.711171371456},"point_estimate":4527.140286933369,"standard_error":881.9532921126327}}