{"Mean":{"confidence_interval":{"confidence_level":0.95,"lower_bound":924008.193391251,"upper_bound":929696.0530513985},"point_estimate":926788.0340841522,"standard_error":1462.242444525233},"Median":{"confidence_interval":{"confidence_level":0.95,"lower_bound":922427.9841269841,"upper_bound":932083.8063492064},"point_estimate":925471.1501322752,"standard_error":2842.109782021376},"MedianAbsDev":{"confidence_interval":{"confidence_level":0.95,"lower_bound":957.8105718843622,"upper_bound":7782.3040913602745},"point_estimate":5887.481959365262,"standard_error":1930.6931079512726},"Slope":{"confidence_interval":{"confidence_level":0.95,"lower_bound":926696.0851370852,"upper_bound":931785.7570606084},"point_estimate":930102.0354978355,"standard_error":1314.4460225370353},"StdDev":{"confidence_interval":{"confidence_level":0.95,"lower_bound":3142.7679217284103,"upper_bound":5560.747844772129},"point_estimate":4852.807750333643,"standard_error":629.6417353551343}}