{"Mean":{"confidence_interval":{"confidence_level":0.95,"lower_bound":989950.4916397568,"upper_bound":1006598.7386991567},"point_estimate":998311.0120114088,"standard_error":4275.007341928648},"Median":{"confidence_interval":{"confidence_level":0.95,"lower_bound":984821.15625,"upper_bound":1014125.5763888889},"point_estimate":999250.5047619047,"standard_error":7483.729915760168},"MedianAbsDev":{"confidence_interval":{"confidence_level":0.95,"lower_bound":1727.9299868751784,"upper_bound":23333.705995379307},"point_estimate":21723.36626329148,"standard_error":5558.145970549858},"Slope":{"confidence_interval":{"confidence_level":0.95,"lower_bound":1000564.9584378059,"upper_bound":1013020.6016199774},"point_estimate":1009041.1845779221,"standard_error":3239.8883313334454},"StdDev":{"confidence_interval":{"confidence_level":0.95,"lower_bound":9060.419163795452,"upper_bound":16884.120326095916},"point_estimate":14243.116702912766,"standard_error":1993.5298924317267}}