{"Mean":{"confidence_interval":{"confidence_level":0.95,"lower_bound":1832223.941140442,"upper_bound":1883899.941827985},"point_estimate":1859783.702317978,"standard_error":13230.009002654619},"Median":{"confidence_interval":{"confidence_level":0.95,"lower_bound":1817500.2173913044,"upper_bound":1889769.3869263285},"point_estimate":1880439.7048913045,"standard_error":18214.4878944883},"MedianAbsDev":{"confidence_interval":{"confidence_level":0.95,"lower_bound":3745.5222993189795,"upper_bound":70548.44316146377},"point_estimate":15843.331764992561,"standard_error":17060.066177743858},"Slope":{"confidence_interval":{"confidence_level":0.95,"lower_bound":1871354.7480582164,"upper_bound":1894710.117053689},"point_estimate":1886962.4340485602,"standard_error":6052.873444546189},"StdDev":{"confidence_interval":{"confidence_level":0.95,"lower_bound":10829.38741210595,"upper_bound":52872.28677748692},"point_estimate":44148.96257521011,"standard_error":9008.876888977684}}