{"Mean":{"confidence_interval":{"confidence_level":0.95,"lower_bound":1168708.7855515871,"upper_bound":1205139.5111632652},"point_estimate":1187695.7329478455,"standard_error":9399.333452880448},"Median":{"confidence_interval":{"confidence_level":0.95,"lower_bound":1155513.5873015872,"upper_bound":1211993.5865079365},"point_estimate":1201892.2301587302,"standard_error":16222.169704888138},"MedianAbsDev":{"confidence_interval":{"confidence_level":0.95,"lower_bound":4061.922180267423,"upper_bound":48466.422589549125},"point_estimate":24381.41422380988,"standard_error":13108.024519066534},"Slope":{"confidence_interval":{"confidence_level":0.95,"lower_bound":1197365.0726708074,"upper_bound":1213915.4135619209},"point_estimate":1208255.0220160792,"standard_error":4290.901470921811},"StdDev":{"confidence_interval":{"confidence_level":0.95,"lower_bound":17426.93019351167,"upper_bound":37232.34953909323},"point_estimate":31299.609841063688,"standard_error":5059.608163965062}}