{"Mean":{"confidence_interval":{"confidence_level":0.95,"lower_bound":1177230.666798942,"upper_bound":1199288.8954761904},"point_estimate":1188942.547479214,"standard_error":5674.01554707931},"Median":{"confidence_interval":{"confidence_level":0.95,"lower_bound":1172983.8988095238,"upper_bound":1200609.7142857143},"point_estimate":1196801.6693121693,"standard_error":6674.365169345357},"MedianAbsDev":{"confidence_interval":{"confidence_level":0.95,"lower_bound":1520.2348158676407,"upper_bound":31138.500097181106},"point_estimate":10000.41628079054,"standard_error":8144.784075873225},"Slope":{"confidence_interval":{"confidence_level":0.95,"lower_bound":1191646.6480173818,"upper_bound":1200659.3780094513},"point_estimate":1196176.574025974,"standard_error":2255.5595639067637},"StdDev":{"confidence_interval":{"confidence_level":0.95,"lower_bound":7503.6261434232065,"upper_bound":23899.998117869},"point_estimate":18946.525414809053,"standard_error":4091.450311285523}}