{"Mean":{"confidence_interval":{"confidence_level":0.95,"lower_bound":47984869.08168452,"upper_bound":51077981.90696429},"point_estimate":49529791.89779762,"standard_error":800815.7151117665},"Median":{"confidence_interval":{"confidence_level":0.95,"lower_bound":46912816.4,"upper_bound":52168931.166666664},"point_estimate":49476998.91666667,"standard_error":2041849.5999331316},"MedianAbsDev":{"confidence_interval":{"confidence_level":0.95,"lower_bound":135301.92842666648,"upper_bound":3947932.5678601842},"point_estimate":3853231.692221471,"standard_error":1396005.4687210887},"Slope":{"confidence_interval":{"confidence_level":0.95,"lower_bound":49754450.165865384,"upper_bound":52026605.440972224},"point_estimate":51375179.812987015,"standard_error":598489.2986565962},"StdDev":{"confidence_interval":{"confidence_level":0.95,"lower_bound":2001669.8685680681,"upper_bound":2775262.4273057925},"point_estimate":2671765.205587674,"standard_error":233341.91015250157}}