{"Mean":{"confidence_interval":{"confidence_level":0.95,"lower_bound":2607756.133489273,"upper_bound":2639908.1013366817},"point_estimate":2624752.912279266,"standard_error":8263.908481059789},"Median":{"confidence_interval":{"confidence_level":0.95,"lower_bound":2599749.7118055555,"upper_bound":2646472.21875},"point_estimate":2637400.38125,"standard_error":12400.796830439534},"MedianAbsDev":{"confidence_interval":{"confidence_level":0.95,"lower_bound":2817.2318368589986,"upper_bound":45314.5896150362},"point_estimate":21447.019960801383,"standard_error":11479.73171847488},"Slope":{"confidence_interval":{"confidence_level":0.95,"lower_bound":2620559.5819768547,"upper_bound":2643261.236536808},"point_estimate":2633338.982711039,"standard_error":5848.109768439104},"StdDev":{"confidence_interval":{"confidence_level":0.95,"lower_bound":13496.29685160144,"upper_bound":33453.29932283833},"point_estimate":27585.83753983833,"standard_error":5039.651585732823}}