{"Mean":{"confidence_interval":{"confidence_level":0.95,"lower_bound":48040232.90031746,"upper_bound":51106608.3925367},"point_estimate":49571528.55115079,"standard_error":792554.4414761964},"Median":{"confidence_interval":{"confidence_level":0.95,"lower_bound":47027786.45,"upper_bound":52171086.875},"point_estimate":49509449.083333336,"standard_error":2002420.7266403919},"MedianAbsDev":{"confidence_interval":{"confidence_level":0.95,"lower_bound":135499.3973585688,"upper_bound":3946144.1198669337},"point_estimate":3804750.665139671,"standard_error":1363234.1783932885},"Slope":{"confidence_interval":{"confidence_level":0.95,"lower_bound":49859562.72762177,"upper_bound":52062561.01969831},"point_estimate":51434417.753246754,"standard_error":576644.5889828958},"StdDev":{"confidence_interval":{"confidence_level":0.95,"lower_bound":1950044.915292394,"upper_bound":2749716.284442431},"point_estimate":2637731.8507509776,"standard_error":235115.01349551618}}