{"Mean":{"confidence_interval":{"confidence_level":0.95,"lower_bound":48509318.46111111,"upper_bound":51142832.69751984},"point_estimate":49825330.265575394,"standard_error":686955.3901711261},"Median":{"confidence_interval":{"confidence_level":0.95,"lower_bound":47629272.4,"upper_bound":51990558.675},"point_estimate":49773798.972222224,"standard_error":1812868.5851074925},"MedianAbsDev":{"confidence_interval":{"confidence_level":0.95,"lower_bound":17727.15136528678,"upper_bound":3252951.0633652434},"point_estimate":3223585.0821365956,"standard_error":1259421.7090244747},"Slope":{"confidence_interval":{"confidence_level":0.95,"lower_bound":50034834.16641464,"upper_bound":51909570.72399348},"point_estimate":51354366.372727275,"standard_error":490689.1064705226},"StdDev":{"confidence_interval":{"confidence_level":0.95,"lower_bound":1752997.4942601551,"upper_bound":2342847.6772587155},"point_estimate":2284645.892193885,"standard_error":198144.002536932}}