{"Mean":{"confidence_interval":{"confidence_level":0.95,"lower_bound":523857.7453068618,"upper_bound":535465.8299389973},"point_estimate":530129.9657468206,"standard_error":2986.75568323369},"Median":{"confidence_interval":{"confidence_level":0.95,"lower_bound":523664.17494824016,"upper_bound":538664.3170807452},"point_estimate":531186.202795031,"standard_error":3931.510642768974},"MedianAbsDev":{"confidence_interval":{"confidence_level":0.95,"lower_bound":375.13660141453596,"upper_bound":15293.432352400325},"point_estimate":10899.48374245821,"standard_error":4676.231406128276},"Slope":{"confidence_interval":{"confidence_level":0.95,"lower_bound":530018.806194617,"upper_bound":536355.1417467505},"point_estimate":532809.8398322174,"standard_error":1592.5417918973571},"StdDev":{"confidence_interval":{"confidence_level":0.95,"lower_bound":4376.81282099761,"upper_bound":13161.624967291844},"point_estimate":9987.770385581889,"standard_error":2374.6298330160134}}