{"Mean":{"confidence_interval":{"confidence_level":0.95,"lower_bound":991195.3078446181,"upper_bound":1003335.9707635996},"point_estimate":996983.6610300926,"standard_error":3130.729479218909},"Median":{"confidence_interval":{"confidence_level":0.95,"lower_bound":989040.2230902778,"upper_bound":1008020.8020833334},"point_estimate":992894.4215277778,"standard_error":4618.367726751246},"MedianAbsDev":{"confidence_interval":{"confidence_level":0.95,"lower_bound":1547.3602494039908,"upper_bound":16933.91971082124},"point_estimate":8292.154626222298,"standard_error":4012.7341569896994},"Slope":{"confidence_interval":{"confidence_level":0.95,"lower_bound":994854.5632928946,"upper_bound":1009792.8640901484},"point_estimate":1004620.8338744589,"standard_error":3688.577752749839},"StdDev":{"confidence_interval":{"confidence_level":0.95,"lower_bound":4818.275966893387,"upper_bound":12764.768420477105},"point_estimate":10461.815837690674,"standard_error":1889.1905576672973}}