{"Mean":{"confidence_interval":{"confidence_level":0.95,"lower_bound":47754978.479444444,"upper_bound":50739338.8234127},"point_estimate":49243612.074246034,"standard_error":772792.6620983207},"Median":{"confidence_interval":{"confidence_level":0.95,"lower_bound":46789083.333333336,"upper_bound":51602977.422619045},"point_estimate":49169673.84444444,"standard_error":2006687.4836305687},"MedianAbsDev":{"confidence_interval":{"confidence_level":0.95,"lower_bound":25784.163833906867,"upper_bound":3566235.7988141463},"point_estimate":3486805.1978201563,"standard_error":1379711.5691531964},"Slope":{"confidence_interval":{"confidence_level":0.95,"lower_bound":49486854.92668453,"upper_bound":51720330.87931134},"point_estimate":51031713.68311688,"standard_error":584896.6107575827},"StdDev":{"confidence_interval":{"confidence_level":0.95,"lower_bound":1954232.186521453,"upper_bound":2695322.856869074},"point_estimate":2574821.8542206595,"standard_error":230598.31916178932}}