{"Mean":{"confidence_interval":{"confidence_level":0.95,"lower_bound":47743968.44944444,"upper_bound":50925686.363210306},"point_estimate":49324736.56551587,"standard_error":820570.0579309076},"Median":{"confidence_interval":{"confidence_level":0.95,"lower_bound":46705484.1,"upper_bound":52152313.28571428},"point_estimate":49208657.85,"standard_error":2113506.327863523},"MedianAbsDev":{"confidence_interval":{"confidence_level":0.95,"lower_bound":16151.876538254233,"upper_bound":3900606.082267061},"point_estimate":3716201.5865792343,"standard_error":1439350.5289474258},"Slope":{"confidence_interval":{"confidence_level":0.95,"lower_bound":49573252.0094867,"upper_bound":51762362.19646365},"point_estimate":51088584.65194805,"standard_error":567722.8673565581},"StdDev":{"confidence_interval":{"confidence_level":0.95,"lower_bound":2024705.6522142033,"upper_bound":2844581.6928823777},"point_estimate":2743797.54886593,"standard_error":240253.70208519415}}