{"Mean":{"confidence_interval":{"confidence_level":0.95,"lower_bound":696265.5033615818,"upper_bound":703734.9984191888},"point_estimate":699937.8548083132,"standard_error":1908.7319855097614},"Median":{"confidence_interval":{"confidence_level":0.95,"lower_bound":695031.6101694915,"upper_bound":705302.8381355932},"point_estimate":699397.4477401129,"standard_error":2893.6509937088804},"MedianAbsDev":{"confidence_interval":{"confidence_level":0.95,"lower_bound":1542.7332234584592,"upper_bound":10795.982458078579},"point_estimate":7038.15246572578,"standard_error":2477.5777094620435},"Slope":{"confidence_interval":{"confidence_level":0.95,"lower_bound":694261.8575527483,"upper_bound":705705.3988495189},"point_estimate":699814.2597402597,"standard_error":3014.3722953290417},"StdDev":{"confidence_interval":{"confidence_level":0.95,"lower_bound":3704.675698508274,"upper_bound":7779.440544949564},"point_estimate":6354.763485905332,"standard_error":1025.9755003665052}}