{"Mean":{"confidence_interval":{"confidence_level":0.95,"lower_bound":1079726.7579480286,"upper_bound":1087726.426468254},"point_estimate":1083767.2804518691,"standard_error":2055.6294398535056},"Median":{"confidence_interval":{"confidence_level":0.95,"lower_bound":1077459.7258064516,"upper_bound":1089078.7741935484},"point_estimate":1085057.4639336918,"standard_error":3511.572929078849},"MedianAbsDev":{"confidence_interval":{"confidence_level":0.95,"lower_bound":1060.5212973009302,"upper_bound":11412.430394700577},"point_estimate":7586.529654989671,"standard_error":2647.577491032418},"Slope":{"confidence_interval":{"confidence_level":0.95,"lower_bound":1082840.2243246324,"upper_bound":1090984.7861428792},"point_estimate":1087445.2317553414,"standard_error":2119.0870920810344},"StdDev":{"confidence_interval":{"confidence_level":0.95,"lower_bound":4228.100972254516,"upper_bound":8402.920362952289},"point_estimate":6848.319814547825,"standard_error":1075.2003532188257}}