{"Mean":{"confidence_interval":{"confidence_level":0.95,"lower_bound":904487.4325677656,"upper_bound":914872.6381086692},"point_estimate":909500.1663797314,"standard_error":2660.7948718394696},"Median":{"confidence_interval":{"confidence_level":0.95,"lower_bound":901650.0064102565,"upper_bound":920619.3274725275},"point_estimate":907769.0384615385,"standard_error":4792.300604865058},"MedianAbsDev":{"confidence_interval":{"confidence_level":0.95,"lower_bound":1183.9339200065465,"upper_bound":14732.148714605913},"point_estimate":9606.73842329244,"standard_error":4024.527450915434},"Slope":{"confidence_interval":{"confidence_level":0.95,"lower_bound":908078.5237808106,"upper_bound":919390.113956044},"point_estimate":914456.6316483517,"standard_error":2889.248925613582},"StdDev":{"confidence_interval":{"confidence_level":0.95,"lower_bound":4740.692894529449,"upper_bound":10264.940883240724},"point_estimate":8883.844908291672,"standard_error":1292.463620752497}}