{"Mean":{"confidence_interval":{"confidence_level":0.95,"lower_bound":47838474.251614586,"upper_bound":50949228.73797222},"point_estimate":49393646.341527775,"standard_error":807431.7843333767},"Median":{"confidence_interval":{"confidence_level":0.95,"lower_bound":46813310.833333336,"upper_bound":51845567.416666664},"point_estimate":49399720.21875,"standard_error":2125477.5256076423},"MedianAbsDev":{"confidence_interval":{"confidence_level":0.95,"lower_bound":36515.20185173294,"upper_bound":3799305.2100175973},"point_estimate":3712087.11219728,"standard_error":1479898.3591462884},"Slope":{"confidence_interval":{"confidence_level":0.95,"lower_bound":49658450.8006264,"upper_bound":51899188.5896981},"point_estimate":51238087.78571428,"standard_error":586646.2707262905},"StdDev":{"confidence_interval":{"confidence_level":0.95,"lower_bound":2069882.1849408287,"upper_bound":2790319.1143449526},"point_estimate":2693865.8754965905,"standard_error":237634.744834023}}