{"Mean":{"confidence_interval":{"confidence_level":0.95,"lower_bound":3209180.814730489,"upper_bound":3341297.3107142854},"point_estimate":3273563.7098368607,"standard_error":33729.73499853466},"Median":{"confidence_interval":{"confidence_level":0.95,"lower_bound":3182492.986111111,"upper_bound":3395360.412037037},"point_estimate":3216169.3333333335,"standard_error":68240.80461277287},"MedianAbsDev":{"confidence_interval":{"confidence_level":0.95,"lower_bound":9591.377603422665,"upper_bound":175826.15445938788},"point_estimate":81692.40619189215,"standard_error":47939.352701694006},"Slope":{"confidence_interval":{"confidence_level":0.95,"lower_bound":3195647.100764283,"upper_bound":3328335.2433208013},"point_estimate":3243063.9166907165,"standard_error":34230.074774943474},"StdDev":{"confidence_interval":{"confidence_level":0.95,"lower_bound":70820.41576688064,"upper_bound":126843.14798733368},"point_estimate":112910.78240134646,"standard_error":14292.226877619487}}