{"Mean":{"confidence_interval":{"confidence_level":0.95,"lower_bound":836619.3152143575,"upper_bound":840315.863680436},"point_estimate":838349.2118732071,"standard_error":949.24919618769},"Median":{"confidence_interval":{"confidence_level":0.95,"lower_bound":836321.5060240964,"upper_bound":840721.5903614458},"point_estimate":837827.7399598393,"standard_error":1042.6115853194415},"MedianAbsDev":{"confidence_interval":{"confidence_level":0.95,"lower_bound":360.305732639452,"upper_bound":5230.648432438682},"point_estimate":2256.263808015441,"standard_error":1259.8211568020718},"Slope":{"confidence_interval":{"confidence_level":0.95,"lower_bound":836941.9515810139,"upper_bound":840002.1613547945},"point_estimate":838432.0867156939,"standard_error":800.0018939988917},"StdDev":{"confidence_interval":{"confidence_level":0.95,"lower_bound":1383.3442317581892,"upper_bound":4297.6460964396365},"point_estimate":3165.4061087915065,"standard_error":774.3895402858767}}