{"Mean":{"confidence_interval":{"confidence_level":0.95,"lower_bound":926253.9138271606,"upper_bound":949073.0972663139},"point_estimate":938964.1968959436,"standard_error":5856.5008440778},"Median":{"confidence_interval":{"confidence_level":0.95,"lower_bound":924063.0654320987,"upper_bound":950388.1055555556},"point_estimate":947256.2607142858,"standard_error":5711.954535964906},"MedianAbsDev":{"confidence_interval":{"confidence_level":0.95,"lower_bound":937.3373566923717,"upper_bound":25081.39771860506},"point_estimate":6417.276574218768,"standard_error":5742.502350494782},"Slope":{"confidence_interval":{"confidence_level":0.95,"lower_bound":940539.8737549093,"upper_bound":951792.0932774786},"point_estimate":947079.8758730158,"standard_error":2954.7965764333235},"StdDev":{"confidence_interval":{"confidence_level":0.95,"lower_bound":4093.1374492912,"upper_bound":24685.31980348798},"point_estimate":19514.285999479547,"standard_error":5522.103364793523}}