{"Mean":{"confidence_interval":{"confidence_level":0.95,"lower_bound":48968022.307498015,"upper_bound":51894745.068035714},"point_estimate":50388479.26617064,"standard_error":755224.5432221672},"Median":{"confidence_interval":{"confidence_level":0.95,"lower_bound":48207622.0,"upper_bound":52131476.071428575},"point_estimate":50105510.67222223,"standard_error":1417971.9511885745},"MedianAbsDev":{"confidence_interval":{"confidence_level":0.95,"lower_bound":180929.70553785746,"upper_bound":4958540.860098303},"point_estimate":2864645.083379057,"standard_error":1372144.9040411839},"Slope":{"confidence_interval":{"confidence_level":0.95,"lower_bound":50472049.25,"upper_bound":52605887.93733333},"point_estimate":51611944.04285714,"standard_error":529397.4827776013},"StdDev":{"confidence_interval":{"confidence_level":0.95,"lower_bound":1522666.1253737141,"upper_bound":3222474.9519516183},"point_estimate":2521263.074975089,"standard_error":477746.9404911952}}