{"Mean":{"confidence_interval":{"confidence_level":0.95,"lower_bound":277296.2189514427,"upper_bound":283929.53086588637},"point_estimate":280908.0664776701,"standard_error":1706.4027578781097},"Median":{"confidence_interval":{"confidence_level":0.95,"lower_bound":277186.4415254237,"upper_bound":284720.23526365345},"point_estimate":283567.7979721549,"standard_error":1876.7155230325777},"MedianAbsDev":{"confidence_interval":{"confidence_level":0.95,"lower_bound":129.04096057347985,"upper_bound":8794.391034376818},"point_estimate":2794.437237450984,"standard_error":2079.4989020495395},"Slope":{"confidence_interval":{"confidence_level":0.95,"lower_bound":282341.93451839604,"upper_bound":285244.5839617232},"point_estimate":284198.26615892584,"standard_error":747.953668574012},"StdDev":{"confidence_interval":{"confidence_level":0.95,"lower_bound":1659.1460833310562,"upper_bound":7331.562207546841},"point_estimate":5700.289808865342,"standard_error":1438.265670345023}}