{"Mean":{"confidence_interval":{"confidence_level":0.95,"lower_bound":48979916.525,"upper_bound":51215727.81625},"point_estimate":50097337.34291667,"standard_error":576098.6090664588},"Median":{"confidence_interval":{"confidence_level":0.95,"lower_bound":48215916.91666667,"upper_bound":51961739.76041667},"point_estimate":50149338.75,"standard_error":1402872.72374946},"MedianAbsDev":{"confidence_interval":{"confidence_level":0.95,"lower_bound":64538.46641421539,"upper_bound":2939150.3878321555},"point_estimate":2768078.736619279,"standard_error":930098.9228244451},"Slope":{"confidence_interval":{"confidence_level":0.95,"lower_bound":50203602.102223456,"upper_bound":51922027.764880955},"point_estimate":51391527.58051948,"standard_error":445729.86365398206},"StdDev":{"confidence_interval":{"confidence_level":0.95,"lower_bound":1380601.836449871,"upper_bound":2046402.2282770604},"point_estimate":1917370.0388737936,"standard_error":180959.010794138}}