{"Mean":{"confidence_interval":{"confidence_level":0.95,"lower_bound":48477257.38869644,"upper_bound":51003038.87882837},"point_estimate":49732964.556468256,"standard_error":649179.2404835416},"Median":{"confidence_interval":{"confidence_level":0.95,"lower_bound":47688018.0,"upper_bound":51829993.9625},"point_estimate":49575670.75,"standard_error":1648847.7676226052},"MedianAbsDev":{"confidence_interval":{"confidence_level":0.95,"lower_bound":44791.93975478411,"upper_bound":2931985.577846854},"point_estimate":2868050.6567019215,"standard_error":1101710.4628413403},"Slope":{"confidence_interval":{"confidence_level":0.95,"lower_bound":49906248.956235975,"upper_bound":51852554.70588289},"point_estimate":51276332.68961039,"standard_error":508719.04734252405},"StdDev":{"confidence_interval":{"confidence_level":0.95,"lower_bound":1592621.562295609,"upper_bound":2283436.255919276},"point_estimate":2166903.2298915894,"standard_error":198203.50615921774}}