{"Mean":{"confidence_interval":{"confidence_level":0.95,"lower_bound":1304235.233172043,"upper_bound":1312808.2479637098},"point_estimate":1308439.9945238095,"standard_error":2197.0118067869653},"Median":{"confidence_interval":{"confidence_level":0.95,"lower_bound":1303445.0322580645,"upper_bound":1316983.9193548388},"point_estimate":1306820.3137480798,"standard_error":3168.9729093738965},"MedianAbsDev":{"confidence_interval":{"confidence_level":0.95,"lower_bound":1370.0487724510206,"upper_bound":13513.396589121634},"point_estimate":6342.358289013553,"standard_error":3321.2322936329133},"Slope":{"confidence_interval":{"confidence_level":0.95,"lower_bound":1303569.1715937743,"upper_bound":1314044.2190112313},"point_estimate":1308871.8038542103,"standard_error":2768.850762201977},"StdDev":{"confidence_interval":{"confidence_level":0.95,"lower_bound":4221.872180336951,"upper_bound":9027.782383595431},"point_estimate":7320.861331855377,"standard_error":1216.1759904784008}}