{"Mean":{"confidence_interval":{"confidence_level":0.95,"lower_bound":4780673.085863679,"upper_bound":4876226.3652540855},"point_estimate":4821860.420961718,"standard_error":24875.322173261877},"Median":{"confidence_interval":{"confidence_level":0.95,"lower_bound":4760584.196078432,"upper_bound":4846353.218954248},"point_estimate":4812330.139705882,"standard_error":23001.7080954507},"MedianAbsDev":{"confidence_interval":{"confidence_level":0.95,"lower_bound":12506.949666192391,"upper_bound":102188.17678001171},"point_estimate":61009.41251686602,"standard_error":22860.408874458382},"Slope":{"confidence_interval":{"confidence_level":0.95,"lower_bound":4775489.075374637,"upper_bound":4825732.211720101},"point_estimate":4807566.604583652,"standard_error":12631.630991957223},"StdDev":{"confidence_interval":{"confidence_level":0.95,"lower_bound":29895.238239088416,"upper_bound":120512.96784779165},"point_estimate":82846.24007618189,"standard_error":28212.09264202347}}