{"Mean":{"confidence_interval":{"confidence_level":0.95,"lower_bound":369323.9243202413,"upper_bound":373651.2263116272},"point_estimate":371367.7391788099,"standard_error":1108.7567878431294},"Median":{"confidence_interval":{"confidence_level":0.95,"lower_bound":369250.42941712204,"upper_bound":374441.2944748027},"point_estimate":369605.8428961749,"standard_error":1517.2120102396432},"MedianAbsDev":{"confidence_interval":{"confidence_level":0.95,"lower_bound":199.48463662238643,"upper_bound":6145.564398836139},"point_estimate":2299.998657527495,"standard_error":1800.4926938687884},"Slope":{"confidence_interval":{"confidence_level":0.95,"lower_bound":370201.52341127815,"upper_bound":375702.3687696886},"point_estimate":372967.6932652047,"standard_error":1418.2878847967395},"StdDev":{"confidence_interval":{"confidence_level":0.95,"lower_bound":1745.7326714154053,"upper_bound":4744.538982583528},"point_estimate":3680.517871954486,"standard_error":775.3005607078755}}