{"Mean":{"confidence_interval":{"confidence_level":0.95,"lower_bound":49183507.24565476,"upper_bound":51645538.68882887},"point_estimate":50411894.17454366,"standard_error":631532.2312093489},"Median":{"confidence_interval":{"confidence_level":0.95,"lower_bound":48447093.35,"upper_bound":52650150.8125},"point_estimate":50374884.45535714,"standard_error":1455396.5454808322},"MedianAbsDev":{"confidence_interval":{"confidence_level":0.95,"lower_bound":152181.00480825297,"upper_bound":3272351.8981603906},"point_estimate":3010324.0468685613,"standard_error":927243.1486701538},"Slope":{"confidence_interval":{"confidence_level":0.95,"lower_bound":50659710.833333336,"upper_bound":52495749.79318912},"point_estimate":51949318.32987013,"standard_error":478971.6522515862},"StdDev":{"confidence_interval":{"confidence_level":0.95,"lower_bound":1459914.8831663497,"upper_bound":2282251.3464418193},"point_estimate":2100990.792622756,"standard_error":210640.48091528844}}